filename,label
Image_0.jpg,CLOUDED SULPHUR
Image_1.jpg,GREAT JAY
Image_2.jpg,BLACK HAIRSTREAK
Image_3.jpg,INDRA SWALLOW
Image_4.jpg,VICEROY
Image_5.jpg,CRIMSON PATCH
Image_6.jpg,MOURNING CLOAK
Image_7.jpg,ZEBRA LONG WING
Image_8.jpg,SILVER SPOT SKIPPER
Image_9.jpg,CAIRNS BIRDWING
Image_10.jpg,CRECENT
Image_11.jpg,MILBERTS TORTOISESHELL
Image_12.jpg,CABBAGE WHITE
Image_13.jpg,METALMARK
Image_14.jpg,AMERICAN SNOOT
Image_15.jpg,BANDED PEACOCK
Image_16.jpg,ORANGE TIP
Image_17.jpg,JULIA
Image_18.jpg,MANGROVE SKIPPER
Image_19.jpg,PAINTED LADY
Image_20.jpg,EASTERN PINE ELFIN
Image_21.jpg,RED SPOTTED PURPLE
Image_22.jpg,QUESTION MARK
Image_23.jpg,LARGE MARBLE
Image_24.jpg,TROPICAL LEAFWING
Image_25.jpg,COMMON BANDED AWL
Image_26.jpg,SCARCE SWALLOW
Image_27.jpg,MONARCH
Image_28.jpg,PINE WHITE
Image_29.jpg,MALACHITE
Image_30.jpg,ELBOWED PIERROT
Image_31.jpg,GREEN CELLED CATTLEHEART
Image_32.jpg,AN 88
Image_33.jpg,AFRICAN GIANT SWALLOWTAIL
Image_34.jpg,RED CRACKER
Image_35.jpg,SLEEPY ORANGE
Image_36.jpg,SOOTYWING
Image_37.jpg,PURPLISH COPPER
Image_38.jpg,PEACOCK
Image_39.jpg,ATALA
Image_40.jpg,CHECQUERED SKIPPER
Image_41.jpg,BECKERS WHITE
Image_42.jpg,MESTRA
Image_43.jpg,EASTERN DAPPLE WHITE
Image_44.jpg,PIPEVINE SWALLOW
Image_45.jpg,RED POSTMAN
Image_46.jpg,BROWN SIPROETA
Image_47.jpg,BLUE SPOTTED CROW
Image_48.jpg,YELLOW SWALLOW TAIL
Image_49.jpg,PAPER KITE
Image_50.jpg,GREAT EGGFLY
Image_51.jpg,ORCHARD SWALLOW
Image_52.jpg,ORANGE OAKLEAF
Image_53.jpg,CLODIUS PARNASSIAN
Image_54.jpg,COPPER TAIL
Image_55.jpg,ADONIS
Image_56.jpg,GREY HAIRSTREAK
Image_57.jpg,APPOLLO
Image_58.jpg,STRAITED QUEEN
Image_59.jpg,IPHICLUS SISTER
Image_60.jpg,SOUTHERN DOGFACE
Image_61.jpg,RED ADMIRAL
Image_62.jpg,ULYSES
Image_63.jpg,COMMON WOOD-NYMPH
Image_64.jpg,GOLD BANDED
Image_65.jpg,POPINJAY
Image_66.jpg,BANDED ORANGE HELICONIAN
Image_67.jpg,PURPLE HAIRSTREAK
Image_68.jpg,CLEOPATRA
Image_69.jpg,EASTERN COMA
Image_70.jpg,TWO BARRED FLASHER
Image_71.jpg,WOOD SATYR
Image_72.jpg,CHESTNUT
Image_73.jpg,BLUE MORPHO
Image_74.jpg,DANAID EGGFLY
Image_75.jpg,CLOUDED SULPHUR
Image_76.jpg,GREAT JAY
Image_77.jpg,BLACK HAIRSTREAK
Image_78.jpg,INDRA SWALLOW
Image_79.jpg,VICEROY
Image_80.jpg,CRIMSON PATCH
Image_81.jpg,MOURNING CLOAK
Image_82.jpg,ZEBRA LONG WING
Image_83.jpg,SILVER SPOT SKIPPER
Image_84.jpg,CAIRNS BIRDWING
Image_85.jpg,CRECENT
Image_86.jpg,MILBERTS TORTOISESHELL
Image_87.jpg,CABBAGE WHITE
Image_88.jpg,METALMARK
Image_89.jpg,AMERICAN SNOOT
Image_90.jpg,BANDED PEACOCK
Image_91.jpg,ORANGE TIP
Image_92.jpg,JULIA
Image_93.jpg,MANGROVE SKIPPER
Image_94.jpg,PAINTED LADY
Image_95.jpg,EASTERN PINE ELFIN
Image_96.jpg,RED SPOTTED PURPLE
Image_97.jpg,QUESTION MARK
Image_98.jpg,LARGE MARBLE
Image_99.jpg,TROPICAL LEAFWING
Image_100.jpg,COMMON BANDED AWL
Image_101.jpg,SCARCE SWALLOW
Image_102.jpg,MONARCH
Image_103.jpg,PINE WHITE
Image_104.jpg,MALACHITE
Image_105.jpg,ELBOWED PIERROT
Image_106.jpg,GREEN CELLED CATTLEHEART
Image_107.jpg,AN 88
Image_108.jpg,AFRICAN GIANT SWALLOWTAIL
Image_109.jpg,RED CRACKER
Image_110.jpg,SLEEPY ORANGE
Image_111.jpg,SOOTYWING
Image_112.jpg,PURPLISH COPPER
Image_113.jpg,PEACOCK
Image_114.jpg,ATALA
Image_115.jpg,CHECQUERED SKIPPER
Image_116.jpg,BECKERS WHITE
Image_117.jpg,MESTRA
Image_118.jpg,EASTERN DAPPLE WHITE
Image_119.jpg,PIPEVINE SWALLOW
Image_120.jpg,RED POSTMAN
Image_121.jpg,BROWN SIPROETA
Image_122.jpg,BLUE SPOTTED CROW
Image_123.jpg,YELLOW SWALLOW TAIL
Image_124.jpg,PAPER KITE
Image_125.jpg,GREAT EGGFLY
Image_126.jpg,ORCHARD SWALLOW
Image_127.jpg,ORANGE OAKLEAF
Image_128.jpg,CLODIUS PARNASSIAN
Image_129.jpg,COPPER TAIL
Image_130.jpg,ADONIS
Image_131.jpg,GREY HAIRSTREAK
Image_132.jpg,APPOLLO
Image_133.jpg,STRAITED QUEEN
Image_134.jpg,IPHICLUS SISTER
Image_135.jpg,SOUTHERN DOGFACE
Image_136.jpg,RED ADMIRAL
Image_137.jpg,ULYSES
Image_138.jpg,COMMON WOOD-NYMPH
Image_139.jpg,GOLD BANDED
Image_140.jpg,POPINJAY
Image_141.jpg,BANDED ORANGE HELICONIAN
Image_142.jpg,PURPLE HAIRSTREAK
Image_143.jpg,CLEOPATRA
Image_144.jpg,EASTERN COMA
Image_145.jpg,TWO BARRED FLASHER
Image_146.jpg,WOOD SATYR
Image_147.jpg,CHESTNUT
Image_148.jpg,BLUE MORPHO
Image_149.jpg,DANAID EGGFLY
Image_150.jpg,CLOUDED SULPHUR
Image_151.jpg,GREAT JAY
Image_152.jpg,BLACK HAIRSTREAK
Image_153.jpg,INDRA SWALLOW
Image_154.jpg,VICEROY
Image_155.jpg,CRIMSON PATCH
Image_156.jpg,MOURNING CLOAK
Image_157.jpg,ZEBRA LONG WING
Image_158.jpg,SILVER SPOT SKIPPER
Image_159.jpg,CAIRNS BIRDWING
Image_160.jpg,CRECENT
Image_161.jpg,MILBERTS TORTOISESHELL
Image_162.jpg,CABBAGE WHITE
Image_163.jpg,METALMARK
Image_164.jpg,AMERICAN SNOOT
Image_165.jpg,BANDED PEACOCK
Image_166.jpg,ORANGE TIP
Image_167.jpg,JULIA
Image_168.jpg,MANGROVE SKIPPER
Image_169.jpg,PAINTED LADY
Image_170.jpg,EASTERN PINE ELFIN
Image_171.jpg,RED SPOTTED PURPLE
Image_172.jpg,QUESTION MARK
Image_173.jpg,LARGE MARBLE
Image_174.jpg,TROPICAL LEAFWING
Image_175.jpg,COMMON BANDED AWL
Image_176.jpg,SCARCE SWALLOW
Image_177.jpg,MONARCH
Image_178.jpg,PINE WHITE
Image_179.jpg,MALACHITE
Image_180.jpg,ELBOWED PIERROT
Image_181.jpg,GREEN CELLED CATTLEHEART
Image_182.jpg,AN 88
Image_183.jpg,AFRICAN GIANT SWALLOWTAIL
Image_184.jpg,RED CRACKER
Image_185.jpg,SLEEPY ORANGE
Image_186.jpg,SOOTYWING
Image_187.jpg,PURPLISH COPPER
Image_188.jpg,PEACOCK
Image_189.jpg,ATALA
Image_190.jpg,CHECQUERED SKIPPER
Image_191.jpg,BECKERS WHITE
Image_192.jpg,MESTRA
Image_193.jpg,EASTERN DAPPLE WHITE
Image_194.jpg,PIPEVINE SWALLOW
Image_195.jpg,RED POSTMAN
Image_196.jpg,BROWN SIPROETA
Image_197.jpg,BLUE SPOTTED CROW
Image_198.jpg,YELLOW SWALLOW TAIL
Image_199.jpg,PAPER KITE
Image_200.jpg,GREAT EGGFLY
Image_201.jpg,ORCHARD SWALLOW
Image_202.jpg,ORANGE OAKLEAF
Image_203.jpg,CLODIUS PARNASSIAN
Image_204.jpg,COPPER TAIL
Image_205.jpg,ADONIS
Image_206.jpg,GREY HAIRSTREAK
Image_207.jpg,APPOLLO
Image_208.jpg,STRAITED QUEEN
Image_209.jpg,IPHICLUS SISTER
Image_210.jpg,SOUTHERN DOGFACE
Image_211.jpg,RED ADMIRAL
Image_212.jpg,ULYSES
Image_213.jpg,COMMON WOOD-NYMPH
Image_214.jpg,GOLD BANDED
Image_215.jpg,POPINJAY
Image_216.jpg,BANDED ORANGE HELICONIAN
Image_217.jpg,PURPLE HAIRSTREAK
Image_218.jpg,CLEOPATRA
Image_219.jpg,EASTERN COMA
Image_220.jpg,TWO BARRED FLASHER
Image_221.jpg,WOOD SATYR
Image_222.jpg,CHESTNUT
Image_223.jpg,BLUE MORPHO
Image_224.jpg,DANAID EGGFLY
Image_225.jpg,CLOUDED SULPHUR
Image_226.jpg,GREAT JAY
Image_227.jpg,BLACK HAIRSTREAK
Image_228.jpg,INDRA SWALLOW
Image_229.jpg,VICEROY
Image_230.jpg,CRIMSON PATCH
Image_231.jpg,MOURNING CLOAK
Image_232.jpg,ZEBRA LONG WING
Image_233.jpg,SILVER SPOT SKIPPER
Image_234.jpg,CAIRNS BIRDWING
Image_235.jpg,CRECENT
Image_236.jpg,MILBERTS TORTOISESHELL
Image_237.jpg,CABBAGE WHITE
Image_238.jpg,METALMARK
Image_239.jpg,AMERICAN SNOOT
Image_240.jpg,BANDED PEACOCK
Image_241.jpg,ORANGE TIP
Image_242.jpg,JULIA
Image_243.jpg,MANGROVE SKIPPER
Image_244.jpg,PAINTED LADY
Image_245.jpg,EASTERN PINE ELFIN
Image_246.jpg,RED SPOTTED PURPLE
Image_247.jpg,QUESTION MARK
Image_248.jpg,LARGE MARBLE
Image_249.jpg,TROPICAL LEAFWING
Image_250.jpg,COMMON BANDED AWL
Image_251.jpg,SCARCE SWALLOW
Image_252.jpg,MONARCH
Image_253.jpg,PINE WHITE
Image_254.jpg,MALACHITE
Image_255.jpg,ELBOWED PIERROT
Image_256.jpg,GREEN CELLED CATTLEHEART
Image_257.jpg,AN 88
Image_258.jpg,AFRICAN GIANT SWALLOWTAIL
Image_259.jpg,RED CRACKER
Image_260.jpg,SLEEPY ORANGE
Image_261.jpg,SOOTYWING
Image_262.jpg,PURPLISH COPPER
Image_263.jpg,PEACOCK
Image_264.jpg,ATALA
Image_265.jpg,CHECQUERED SKIPPER
Image_266.jpg,BECKERS WHITE
Image_267.jpg,MESTRA
Image_268.jpg,EASTERN DAPPLE WHITE
Image_269.jpg,PIPEVINE SWALLOW
Image_270.jpg,RED POSTMAN
Image_271.jpg,BROWN SIPROETA
Image_272.jpg,BLUE SPOTTED CROW
Image_273.jpg,YELLOW SWALLOW TAIL
Image_274.jpg,PAPER KITE
Image_275.jpg,GREAT EGGFLY
Image_276.jpg,ORCHARD SWALLOW
Image_277.jpg,ORANGE OAKLEAF
Image_278.jpg,CLODIUS PARNASSIAN
Image_279.jpg,COPPER TAIL
Image_280.jpg,ADONIS
Image_281.jpg,GREY HAIRSTREAK
Image_282.jpg,APPOLLO
Image_283.jpg,STRAITED QUEEN
Image_284.jpg,IPHICLUS SISTER
Image_285.jpg,SOUTHERN DOGFACE
Image_286.jpg,RED ADMIRAL
Image_287.jpg,ULYSES
Image_288.jpg,COMMON WOOD-NYMPH
Image_289.jpg,GOLD BANDED
Image_290.jpg,POPINJAY
Image_291.jpg,BANDED ORANGE HELICONIAN
Image_292.jpg,PURPLE HAIRSTREAK
Image_293.jpg,CLEOPATRA
Image_294.jpg,EASTERN COMA
Image_295.jpg,TWO BARRED FLASHER
Image_296.jpg,WOOD SATYR
Image_297.jpg,CHESTNUT
Image_298.jpg,BLUE MORPHO
Image_299.jpg,DANAID EGGFLY
Image_300.jpg,CLOUDED SULPHUR
Image_301.jpg,GREAT JAY
Image_302.jpg,BLACK HAIRSTREAK
Image_303.jpg,INDRA SWALLOW
Image_304.jpg,VICEROY
Image_305.jpg,CRIMSON PATCH
Image_306.jpg,MOURNING CLOAK
Image_307.jpg,ZEBRA LONG WING
Image_308.jpg,SILVER SPOT SKIPPER
Image_309.jpg,CAIRNS BIRDWING
Image_310.jpg,CRECENT
Image_311.jpg,MILBERTS TORTOISESHELL
Image_312.jpg,CABBAGE WHITE
Image_313.jpg,METALMARK
Image_314.jpg,AMERICAN SNOOT
Image_315.jpg,BANDED PEACOCK
Image_316.jpg,ORANGE TIP
Image_317.jpg,JULIA
Image_318.jpg,MANGROVE SKIPPER
Image_319.jpg,PAINTED LADY
Image_320.jpg,EASTERN PINE ELFIN
Image_321.jpg,RED SPOTTED PURPLE
Image_322.jpg,QUESTION MARK
Image_323.jpg,LARGE MARBLE
Image_324.jpg,TROPICAL LEAFWING
Image_325.jpg,COMMON BANDED AWL
Image_326.jpg,SCARCE SWALLOW
Image_327.jpg,MONARCH
Image_328.jpg,PINE WHITE
Image_329.jpg,MALACHITE
Image_330.jpg,ELBOWED PIERROT
Image_331.jpg,GREEN CELLED CATTLEHEART
Image_332.jpg,AN 88
Image_333.jpg,AFRICAN GIANT SWALLOWTAIL
Image_334.jpg,RED CRACKER
Image_335.jpg,SLEEPY ORANGE
Image_336.jpg,SOOTYWING
Image_337.jpg,PURPLISH COPPER
Image_338.jpg,PEACOCK
Image_339.jpg,ATALA
Image_340.jpg,CHECQUERED SKIPPER
Image_341.jpg,BECKERS WHITE
Image_342.jpg,MESTRA
Image_343.jpg,EASTERN DAPPLE WHITE
Image_344.jpg,PIPEVINE SWALLOW
Image_345.jpg,RED POSTMAN
Image_346.jpg,BROWN SIPROETA
Image_347.jpg,BLUE SPOTTED CROW
Image_348.jpg,YELLOW SWALLOW TAIL
Image_349.jpg,PAPER KITE
Image_350.jpg,GREAT EGGFLY
Image_351.jpg,ORCHARD SWALLOW
Image_352.jpg,ORANGE OAKLEAF
Image_353.jpg,CLODIUS PARNASSIAN
Image_354.jpg,COPPER TAIL
Image_355.jpg,ADONIS
Image_356.jpg,GREY HAIRSTREAK
Image_357.jpg,APPOLLO
Image_358.jpg,STRAITED QUEEN
Image_359.jpg,IPHICLUS SISTER
Image_360.jpg,SOUTHERN DOGFACE
Image_361.jpg,RED ADMIRAL
Image_362.jpg,ULYSES
Image_363.jpg,COMMON WOOD-NYMPH
Image_364.jpg,GOLD BANDED
Image_365.jpg,POPINJAY
Image_366.jpg,BANDED ORANGE HELICONIAN
Image_367.jpg,PURPLE HAIRSTREAK
Image_368.jpg,CLEOPATRA
Image_369.jpg,EASTERN COMA
Image_370.jpg,TWO BARRED FLASHER
Image_371.jpg,WOOD SATYR
Image_372.jpg,CHESTNUT
Image_373.jpg,BLUE MORPHO
Image_374.jpg,DANAID EGGFLY
Image_375.jpg,CLOUDED SULPHUR
Image_376.jpg,GREAT JAY
Image_377.jpg,BLACK HAIRSTREAK
Image_378.jpg,INDRA SWALLOW
Image_379.jpg,VICEROY
Image_380.jpg,CRIMSON PATCH
Image_381.jpg,MOURNING CLOAK
Image_382.jpg,ZEBRA LONG WING
Image_383.jpg,SILVER SPOT SKIPPER
Image_384.jpg,CAIRNS BIRDWING
Image_385.jpg,CRECENT
Image_386.jpg,MILBERTS TORTOISESHELL
Image_387.jpg,CABBAGE WHITE
Image_388.jpg,METALMARK
Image_389.jpg,AMERICAN SNOOT
Image_390.jpg,BANDED PEACOCK
Image_391.jpg,ORANGE TIP
Image_392.jpg,JULIA
Image_393.jpg,MANGROVE SKIPPER
Image_394.jpg,PAINTED LADY
Image_395.jpg,EASTERN PINE ELFIN
Image_396.jpg,RED SPOTTED PURPLE
Image_397.jpg,QUESTION MARK
Image_398.jpg,LARGE MARBLE
Image_399.jpg,TROPICAL LEAFWING
Image_400.jpg,COMMON BANDED AWL
Image_401.jpg,SCARCE SWALLOW
Image_402.jpg,MONARCH
Image_403.jpg,PINE WHITE
Image_404.jpg,MALACHITE
Image_405.jpg,ELBOWED PIERROT
Image_406.jpg,GREEN CELLED CATTLEHEART
Image_407.jpg,AN 88
Image_408.jpg,AFRICAN GIANT SWALLOWTAIL
Image_409.jpg,RED CRACKER
Image_410.jpg,SLEEPY ORANGE
Image_411.jpg,SOOTYWING
Image_412.jpg,PURPLISH COPPER
Image_413.jpg,PEACOCK
Image_414.jpg,ATALA
Image_415.jpg,CHECQUERED SKIPPER
Image_416.jpg,BECKERS WHITE
Image_417.jpg,MESTRA
Image_418.jpg,EASTERN DAPPLE WHITE
Image_419.jpg,PIPEVINE SWALLOW
Image_420.jpg,RED POSTMAN
Image_421.jpg,BROWN SIPROETA
Image_422.jpg,BLUE SPOTTED CROW
Image_423.jpg,YELLOW SWALLOW TAIL
Image_424.jpg,PAPER KITE
Image_425.jpg,GREAT EGGFLY
Image_426.jpg,ORCHARD SWALLOW
Image_427.jpg,ORANGE OAKLEAF
Image_428.jpg,CLODIUS PARNASSIAN
Image_429.jpg,COPPER TAIL
Image_430.jpg,ADONIS
Image_431.jpg,GREY HAIRSTREAK
Image_432.jpg,APPOLLO
Image_433.jpg,STRAITED QUEEN
Image_434.jpg,IPHICLUS SISTER
Image_435.jpg,SOUTHERN DOGFACE
Image_436.jpg,RED ADMIRAL
Image_437.jpg,ULYSES
Image_438.jpg,COMMON WOOD-NYMPH
Image_439.jpg,GOLD BANDED
Image_440.jpg,POPINJAY
Image_441.jpg,BANDED ORANGE HELICONIAN
Image_442.jpg,PURPLE HAIRSTREAK
Image_443.jpg,CLEOPATRA
Image_444.jpg,EASTERN COMA
Image_445.jpg,TWO BARRED FLASHER
Image_446.jpg,WOOD SATYR
Image_447.jpg,CHESTNUT
Image_448.jpg,BLUE MORPHO
Image_449.jpg,DANAID EGGFLY
Image_450.jpg,CLOUDED SULPHUR
Image_451.jpg,GREAT JAY
Image_452.jpg,BLACK HAIRSTREAK
Image_453.jpg,INDRA SWALLOW
Image_454.jpg,VICEROY
Image_455.jpg,CRIMSON PATCH
Image_456.jpg,MOURNING CLOAK
Image_457.jpg,ZEBRA LONG WING
Image_458.jpg,SILVER SPOT SKIPPER
Image_459.jpg,CAIRNS BIRDWING
Image_460.jpg,CRECENT
Image_461.jpg,MILBERTS TORTOISESHELL
Image_462.jpg,CABBAGE WHITE
Image_463.jpg,METALMARK
Image_464.jpg,AMERICAN SNOOT
Image_465.jpg,BANDED PEACOCK
Image_466.jpg,ORANGE TIP
Image_467.jpg,JULIA
Image_468.jpg,MANGROVE SKIPPER
Image_469.jpg,PAINTED LADY
Image_470.jpg,EASTERN PINE ELFIN
Image_471.jpg,RED SPOTTED PURPLE
Image_472.jpg,QUESTION MARK
Image_473.jpg,LARGE MARBLE
Image_474.jpg,TROPICAL LEAFWING
Image_475.jpg,COMMON BANDED AWL
Image_476.jpg,SCARCE SWALLOW
Image_477.jpg,MONARCH
Image_478.jpg,PINE WHITE
Image_479.jpg,MALACHITE
Image_480.jpg,ELBOWED PIERROT
Image_481.jpg,GREEN CELLED CATTLEHEART
Image_482.jpg,AN 88
Image_483.jpg,AFRICAN GIANT SWALLOWTAIL
Image_484.jpg,RED CRACKER
Image_485.jpg,SLEEPY ORANGE
Image_486.jpg,SOOTYWING
Image_487.jpg,PURPLISH COPPER
Image_488.jpg,PEACOCK
Image_489.jpg,ATALA
Image_490.jpg,CHECQUERED SKIPPER
Image_491.jpg,BECKERS WHITE
Image_492.jpg,MESTRA
Image_493.jpg,EASTERN DAPPLE WHITE
Image_494.jpg,PIPEVINE SWALLOW
Image_495.jpg,RED POSTMAN
Image_496.jpg,BROWN SIPROETA
Image_497.jpg,BLUE SPOTTED CROW
Image_498.jpg,YELLOW SWALLOW TAIL
Image_499.jpg,PAPER KITE
Image_500.jpg,GREAT EGGFLY
Image_501.jpg,ORCHARD SWALLOW
Image_502.jpg,ORANGE OAKLEAF
Image_503.jpg,CLODIUS PARNASSIAN
Image_504.jpg,COPPER TAIL
Image_505.jpg,ADONIS
Image_506.jpg,GREY HAIRSTREAK
Image_507.jpg,APPOLLO
Image_508.jpg,STRAITED QUEEN
Image_509.jpg,IPHICLUS SISTER
Image_510.jpg,SOUTHERN DOGFACE
Image_511.jpg,RED ADMIRAL
Image_512.jpg,ULYSES
Image_513.jpg,COMMON WOOD-NYMPH
Image_514.jpg,GOLD BANDED
Image_515.jpg,POPINJAY
Image_516.jpg,BANDED ORANGE HELICONIAN
Image_517.jpg,PURPLE HAIRSTREAK
Image_518.jpg,CLEOPATRA
Image_519.jpg,EASTERN COMA
Image_520.jpg,TWO BARRED FLASHER
Image_521.jpg,WOOD SATYR
Image_522.jpg,CHESTNUT
Image_523.jpg,BLUE MORPHO
Image_524.jpg,DANAID EGGFLY
Image_525.jpg,CLOUDED SULPHUR
Image_526.jpg,GREAT JAY
Image_527.jpg,BLACK HAIRSTREAK
Image_528.jpg,INDRA SWALLOW
Image_529.jpg,VICEROY
Image_530.jpg,CRIMSON PATCH
Image_531.jpg,MOURNING CLOAK
Image_532.jpg,ZEBRA LONG WING
Image_533.jpg,SILVER SPOT SKIPPER
Image_534.jpg,CAIRNS BIRDWING
Image_535.jpg,CRECENT
Image_536.jpg,MILBERTS TORTOISESHELL
Image_537.jpg,CABBAGE WHITE
Image_538.jpg,METALMARK
Image_539.jpg,AMERICAN SNOOT
Image_540.jpg,BANDED PEACOCK
Image_541.jpg,ORANGE TIP
Image_542.jpg,JULIA
Image_543.jpg,MANGROVE SKIPPER
Image_544.jpg,PAINTED LADY
Image_545.jpg,EASTERN PINE ELFIN
Image_546.jpg,RED SPOTTED PURPLE
Image_547.jpg,QUESTION MARK
Image_548.jpg,LARGE MARBLE
Image_549.jpg,TROPICAL LEAFWING
Image_550.jpg,COMMON BANDED AWL
Image_551.jpg,SCARCE SWALLOW
Image_552.jpg,MONARCH
Image_553.jpg,PINE WHITE
Image_554.jpg,MALACHITE
Image_555.jpg,ELBOWED PIERROT
Image_556.jpg,GREEN CELLED CATTLEHEART
Image_557.jpg,AN 88
Image_558.jpg,AFRICAN GIANT SWALLOWTAIL
Image_559.jpg,RED CRACKER
Image_560.jpg,SLEEPY ORANGE
Image_561.jpg,SOOTYWING
Image_562.jpg,PURPLISH COPPER
Image_563.jpg,PEACOCK
Image_564.jpg,ATALA
Image_565.jpg,CHECQUERED SKIPPER
Image_566.jpg,BECKERS WHITE
Image_567.jpg,MESTRA
Image_568.jpg,EASTERN DAPPLE WHITE
Image_569.jpg,PIPEVINE SWALLOW
Image_570.jpg,RED POSTMAN
Image_571.jpg,BROWN SIPROETA
Image_572.jpg,BLUE SPOTTED CROW
Image_573.jpg,YELLOW SWALLOW TAIL
Image_574.jpg,PAPER KITE
Image_575.jpg,GREAT EGGFLY
Image_576.jpg,ORCHARD SWALLOW
Image_577.jpg,ORANGE OAKLEAF
Image_578.jpg,CLODIUS PARNASSIAN
Image_579.jpg,COPPER TAIL
Image_580.jpg,ADONIS
Image_581.jpg,GREY HAIRSTREAK
Image_582.jpg,APPOLLO
Image_583.jpg,STRAITED QUEEN
Image_584.jpg,IPHICLUS SISTER
Image_585.jpg,SOUTHERN DOGFACE
Image_586.jpg,RED ADMIRAL
Image_587.jpg,ULYSES
Image_588.jpg,COMMON WOOD-NYMPH
Image_589.jpg,GOLD BANDED
Image_590.jpg,POPINJAY
Image_591.jpg,BANDED ORANGE HELICONIAN
Image_592.jpg,PURPLE HAIRSTREAK
Image_593.jpg,CLEOPATRA
Image_594.jpg,EASTERN COMA
Image_595.jpg,TWO BARRED FLASHER
Image_596.jpg,WOOD SATYR
Image_597.jpg,CHESTNUT
Image_598.jpg,BLUE MORPHO
Image_599.jpg,DANAID EGGFLY
Image_600.jpg,CLOUDED SULPHUR
Image_601.jpg,GREAT JAY
Image_602.jpg,BLACK HAIRSTREAK
Image_603.jpg,INDRA SWALLOW
Image_604.jpg,VICEROY
Image_605.jpg,CRIMSON PATCH
Image_606.jpg,MOURNING CLOAK
Image_607.jpg,ZEBRA LONG WING
Image_608.jpg,SILVER SPOT SKIPPER
Image_609.jpg,CAIRNS BIRDWING
Image_610.jpg,CRECENT
Image_611.jpg,MILBERTS TORTOISESHELL
Image_612.jpg,CABBAGE WHITE
Image_613.jpg,METALMARK
Image_614.jpg,AMERICAN SNOOT
Image_615.jpg,BANDED PEACOCK
Image_616.jpg,ORANGE TIP
Image_617.jpg,JULIA
Image_618.jpg,MANGROVE SKIPPER
Image_619.jpg,PAINTED LADY
Image_620.jpg,EASTERN PINE ELFIN
Image_621.jpg,RED SPOTTED PURPLE
Image_622.jpg,QUESTION MARK
Image_623.jpg,LARGE MARBLE
Image_624.jpg,TROPICAL LEAFWING
Image_625.jpg,COMMON BANDED AWL
Image_626.jpg,SCARCE SWALLOW
Image_627.jpg,MONARCH
Image_628.jpg,PINE WHITE
Image_629.jpg,MALACHITE
Image_630.jpg,ELBOWED PIERROT
Image_631.jpg,GREEN CELLED CATTLEHEART
Image_632.jpg,AN 88
Image_633.jpg,AFRICAN GIANT SWALLOWTAIL
Image_634.jpg,RED CRACKER
Image_635.jpg,SLEEPY ORANGE
Image_636.jpg,SOOTYWING
Image_637.jpg,PURPLISH COPPER
Image_638.jpg,PEACOCK
Image_639.jpg,ATALA
Image_640.jpg,CHECQUERED SKIPPER
Image_641.jpg,BECKERS WHITE
Image_642.jpg,MESTRA
Image_643.jpg,EASTERN DAPPLE WHITE
Image_644.jpg,PIPEVINE SWALLOW
Image_645.jpg,RED POSTMAN
Image_646.jpg,BROWN SIPROETA
Image_647.jpg,BLUE SPOTTED CROW
Image_648.jpg,YELLOW SWALLOW TAIL
Image_649.jpg,PAPER KITE
Image_650.jpg,GREAT EGGFLY
Image_651.jpg,ORCHARD SWALLOW
Image_652.jpg,ORANGE OAKLEAF
Image_653.jpg,CLODIUS PARNASSIAN
Image_654.jpg,COPPER TAIL
Image_655.jpg,ADONIS
Image_656.jpg,GREY HAIRSTREAK
Image_657.jpg,APPOLLO
Image_658.jpg,STRAITED QUEEN
Image_659.jpg,IPHICLUS SISTER
Image_660.jpg,SOUTHERN DOGFACE
Image_661.jpg,RED ADMIRAL
Image_662.jpg,ULYSES
Image_663.jpg,COMMON WOOD-NYMPH
Image_664.jpg,GOLD BANDED
Image_665.jpg,POPINJAY
Image_666.jpg,BANDED ORANGE HELICONIAN
Image_667.jpg,PURPLE HAIRSTREAK
Image_668.jpg,CLEOPATRA
Image_669.jpg,EASTERN COMA
Image_670.jpg,TWO BARRED FLASHER
Image_671.jpg,WOOD SATYR
Image_672.jpg,CHESTNUT
Image_673.jpg,BLUE MORPHO
Image_674.jpg,DANAID EGGFLY
Image_675.jpg,CLOUDED SULPHUR
Image_676.jpg,GREAT JAY
Image_677.jpg,BLACK HAIRSTREAK
Image_678.jpg,INDRA SWALLOW
Image_679.jpg,VICEROY
Image_680.jpg,CRIMSON PATCH
Image_681.jpg,MOURNING CLOAK
Image_682.jpg,ZEBRA LONG WING
Image_683.jpg,SILVER SPOT SKIPPER
Image_684.jpg,CAIRNS BIRDWING
Image_685.jpg,CRECENT
Image_686.jpg,MILBERTS TORTOISESHELL
Image_687.jpg,CABBAGE WHITE
Image_688.jpg,METALMARK
Image_689.jpg,AMERICAN SNOOT
Image_690.jpg,BANDED PEACOCK
Image_691.jpg,ORANGE TIP
Image_692.jpg,JULIA
Image_693.jpg,MANGROVE SKIPPER
Image_694.jpg,PAINTED LADY
Image_695.jpg,EASTERN PINE ELFIN
Image_696.jpg,RED SPOTTED PURPLE
Image_697.jpg,QUESTION MARK
Image_698.jpg,LARGE MARBLE
Image_699.jpg,TROPICAL LEAFWING
Image_700.jpg,COMMON BANDED AWL
Image_701.jpg,SCARCE SWALLOW
Image_702.jpg,MONARCH
Image_703.jpg,PINE WHITE
Image_704.jpg,MALACHITE
Image_705.jpg,ELBOWED PIERROT
Image_706.jpg,GREEN CELLED CATTLEHEART
Image_707.jpg,AN 88
Image_708.jpg,AFRICAN GIANT SWALLOWTAIL
Image_709.jpg,RED CRACKER
Image_710.jpg,SLEEPY ORANGE
Image_711.jpg,SOOTYWING
Image_712.jpg,PURPLISH COPPER
Image_713.jpg,PEACOCK
Image_714.jpg,ATALA
Image_715.jpg,CHECQUERED SKIPPER
Image_716.jpg,BECKERS WHITE
Image_717.jpg,MESTRA
Image_718.jpg,EASTERN DAPPLE WHITE
Image_719.jpg,PIPEVINE SWALLOW
Image_720.jpg,RED POSTMAN
Image_721.jpg,BROWN SIPROETA
Image_722.jpg,BLUE SPOTTED CROW
Image_723.jpg,YELLOW SWALLOW TAIL
Image_724.jpg,PAPER KITE
Image_725.jpg,GREAT EGGFLY
Image_726.jpg,ORCHARD SWALLOW
Image_727.jpg,ORANGE OAKLEAF
Image_728.jpg,CLODIUS PARNASSIAN
Image_729.jpg,COPPER TAIL
Image_730.jpg,ADONIS
Image_731.jpg,GREY HAIRSTREAK
Image_732.jpg,APPOLLO
Image_733.jpg,STRAITED QUEEN
Image_734.jpg,IPHICLUS SISTER
Image_735.jpg,SOUTHERN DOGFACE
Image_736.jpg,RED ADMIRAL
Image_737.jpg,ULYSES
Image_738.jpg,COMMON WOOD-NYMPH
Image_739.jpg,GOLD BANDED
Image_740.jpg,POPINJAY
Image_741.jpg,BANDED ORANGE HELICONIAN
Image_742.jpg,PURPLE HAIRSTREAK
Image_743.jpg,CLEOPATRA
Image_744.jpg,EASTERN COMA
Image_745.jpg,TWO BARRED FLASHER
Image_746.jpg,WOOD SATYR
Image_747.jpg,CHESTNUT
Image_748.jpg,BLUE MORPHO
Image_749.jpg,DANAID EGGFLY
Image_750.jpg,CLOUDED SULPHUR
Image_751.jpg,GREAT JAY
Image_752.jpg,BLACK HAIRSTREAK
Image_753.jpg,INDRA SWALLOW
Image_754.jpg,VICEROY
Image_755.jpg,CRIMSON PATCH
Image_756.jpg,MOURNING CLOAK
Image_757.jpg,ZEBRA LONG WING
Image_758.jpg,SILVER SPOT SKIPPER
Image_759.jpg,CAIRNS BIRDWING
Image_760.jpg,CRECENT
Image_761.jpg,MILBERTS TORTOISESHELL
Image_762.jpg,CABBAGE WHITE
Image_763.jpg,METALMARK
Image_764.jpg,AMERICAN SNOOT
Image_765.jpg,BANDED PEACOCK
Image_766.jpg,ORANGE TIP
Image_767.jpg,JULIA
Image_768.jpg,MANGROVE SKIPPER
Image_769.jpg,PAINTED LADY
Image_770.jpg,EASTERN PINE ELFIN
Image_771.jpg,RED SPOTTED PURPLE
Image_772.jpg,QUESTION MARK
Image_773.jpg,LARGE MARBLE
Image_774.jpg,TROPICAL LEAFWING
Image_775.jpg,COMMON BANDED AWL
Image_776.jpg,SCARCE SWALLOW
Image_777.jpg,MONARCH
Image_778.jpg,PINE WHITE
Image_779.jpg,MALACHITE
Image_780.jpg,ELBOWED PIERROT
Image_781.jpg,GREEN CELLED CATTLEHEART
Image_782.jpg,AN 88
Image_783.jpg,AFRICAN GIANT SWALLOWTAIL
Image_784.jpg,RED CRACKER
Image_785.jpg,SLEEPY ORANGE
Image_786.jpg,SOOTYWING
Image_787.jpg,PURPLISH COPPER
Image_788.jpg,PEACOCK
Image_789.jpg,ATALA
Image_790.jpg,CHECQUERED SKIPPER
Image_791.jpg,BECKERS WHITE
Image_792.jpg,MESTRA
Image_793.jpg,EASTERN DAPPLE WHITE
Image_794.jpg,PIPEVINE SWALLOW
Image_795.jpg,RED POSTMAN
Image_796.jpg,BROWN SIPROETA
Image_797.jpg,BLUE SPOTTED CROW
Image_798.jpg,YELLOW SWALLOW TAIL
Image_799.jpg,PAPER KITE
Image_800.jpg,GREAT EGGFLY
Image_801.jpg,ORCHARD SWALLOW
Image_802.jpg,ORANGE OAKLEAF
Image_803.jpg,CLODIUS PARNASSIAN
Image_804.jpg,COPPER TAIL
Image_805.jpg,ADONIS
Image_806.jpg,GREY HAIRSTREAK
Image_807.jpg,APPOLLO
Image_808.jpg,STRAITED QUEEN
Image_809.jpg,IPHICLUS SISTER
Image_810.jpg,SOUTHERN DOGFACE
Image_811.jpg,RED ADMIRAL
Image_812.jpg,ULYSES
Image_813.jpg,COMMON WOOD-NYMPH
Image_814.jpg,GOLD BANDED
Image_815.jpg,POPINJAY
Image_816.jpg,BANDED ORANGE HELICONIAN
Image_817.jpg,PURPLE HAIRSTREAK
Image_818.jpg,CLEOPATRA
Image_819.jpg,EASTERN COMA
Image_820.jpg,TWO BARRED FLASHER
Image_821.jpg,WOOD SATYR
Image_822.jpg,CHESTNUT
Image_823.jpg,BLUE MORPHO
Image_824.jpg,DANAID EGGFLY
Image_825.jpg,CLOUDED SULPHUR
Image_826.jpg,GREAT JAY
Image_827.jpg,BLACK HAIRSTREAK
Image_828.jpg,INDRA SWALLOW
Image_829.jpg,VICEROY
Image_830.jpg,CRIMSON PATCH
Image_831.jpg,MOURNING CLOAK
Image_832.jpg,ZEBRA LONG WING
Image_833.jpg,SILVER SPOT SKIPPER
Image_834.jpg,CAIRNS BIRDWING
Image_835.jpg,CRECENT
Image_836.jpg,MILBERTS TORTOISESHELL
Image_837.jpg,CABBAGE WHITE
Image_838.jpg,METALMARK
Image_839.jpg,AMERICAN SNOOT
Image_840.jpg,BANDED PEACOCK
Image_841.jpg,ORANGE TIP
Image_842.jpg,JULIA
Image_843.jpg,MANGROVE SKIPPER
Image_844.jpg,PAINTED LADY
Image_845.jpg,EASTERN PINE ELFIN
Image_846.jpg,RED SPOTTED PURPLE
Image_847.jpg,QUESTION MARK
Image_848.jpg,LARGE MARBLE
Image_849.jpg,TROPICAL LEAFWING
Image_850.jpg,COMMON BANDED AWL
Image_851.jpg,SCARCE SWALLOW
Image_852.jpg,MONARCH
Image_853.jpg,PINE WHITE
Image_854.jpg,MALACHITE
Image_855.jpg,ELBOWED PIERROT
Image_856.jpg,GREEN CELLED CATTLEHEART
Image_857.jpg,AN 88
Image_858.jpg,AFRICAN GIANT SWALLOWTAIL
Image_859.jpg,RED CRACKER
Image_860.jpg,SLEEPY ORANGE
Image_861.jpg,SOOTYWING
Image_862.jpg,PURPLISH COPPER
Image_863.jpg,PEACOCK
Image_864.jpg,ATALA
Image_865.jpg,CHECQUERED SKIPPER
Image_866.jpg,BECKERS WHITE
Image_867.jpg,MESTRA
Image_868.jpg,EASTERN DAPPLE WHITE
Image_869.jpg,PIPEVINE SWALLOW
Image_870.jpg,RED POSTMAN
Image_871.jpg,BROWN SIPROETA
Image_872.jpg,BLUE SPOTTED CROW
Image_873.jpg,YELLOW SWALLOW TAIL
Image_874.jpg,PAPER KITE
Image_875.jpg,GREAT EGGFLY
Image_876.jpg,ORCHARD SWALLOW
Image_877.jpg,ORANGE OAKLEAF
Image_878.jpg,CLODIUS PARNASSIAN
Image_879.jpg,COPPER TAIL
Image_880.jpg,ADONIS
Image_881.jpg,GREY HAIRSTREAK
Image_882.jpg,APPOLLO
Image_883.jpg,STRAITED QUEEN
Image_884.jpg,IPHICLUS SISTER
Image_885.jpg,SOUTHERN DOGFACE
Image_886.jpg,RED ADMIRAL
Image_887.jpg,ULYSES
Image_888.jpg,COMMON WOOD-NYMPH
Image_889.jpg,GOLD BANDED
Image_890.jpg,POPINJAY
Image_891.jpg,BANDED ORANGE HELICONIAN
Image_892.jpg,PURPLE HAIRSTREAK
Image_893.jpg,CLEOPATRA
Image_894.jpg,EASTERN COMA
Image_895.jpg,TWO BARRED FLASHER
Image_896.jpg,WOOD SATYR
Image_897.jpg,CHESTNUT
Image_898.jpg,BLUE MORPHO
Image_899.jpg,DANAID EGGFLY
Image_900.jpg,CLOUDED SULPHUR
Image_901.jpg,GREAT JAY
Image_902.jpg,BLACK HAIRSTREAK
Image_903.jpg,INDRA SWALLOW
Image_904.jpg,VICEROY
Image_905.jpg,CRIMSON PATCH
Image_906.jpg,MOURNING CLOAK
Image_907.jpg,ZEBRA LONG WING
Image_908.jpg,SILVER SPOT SKIPPER
Image_909.jpg,CAIRNS BIRDWING
Image_910.jpg,CRECENT
Image_911.jpg,MILBERTS TORTOISESHELL
Image_912.jpg,CABBAGE WHITE
Image_913.jpg,METALMARK
Image_914.jpg,AMERICAN SNOOT
Image_915.jpg,BANDED PEACOCK
Image_916.jpg,ORANGE TIP
Image_917.jpg,JULIA
Image_918.jpg,MANGROVE SKIPPER
Image_919.jpg,PAINTED LADY
Image_920.jpg,EASTERN PINE ELFIN
Image_921.jpg,RED SPOTTED PURPLE
Image_922.jpg,QUESTION MARK
Image_923.jpg,LARGE MARBLE
Image_924.jpg,TROPICAL LEAFWING
Image_925.jpg,COMMON BANDED AWL
Image_926.jpg,SCARCE SWALLOW
Image_927.jpg,MONARCH
Image_928.jpg,PINE WHITE
Image_929.jpg,MALACHITE
Image_930.jpg,ELBOWED PIERROT
Image_931.jpg,GREEN CELLED CATTLEHEART
Image_932.jpg,AN 88
Image_933.jpg,AFRICAN GIANT SWALLOWTAIL
Image_934.jpg,RED CRACKER
Image_935.jpg,SLEEPY ORANGE
Image_936.jpg,SOOTYWING
Image_937.jpg,PURPLISH COPPER
Image_938.jpg,PEACOCK
Image_939.jpg,ATALA
Image_940.jpg,CHECQUERED SKIPPER
Image_941.jpg,BECKERS WHITE
Image_942.jpg,MESTRA
Image_943.jpg,EASTERN DAPPLE WHITE
Image_944.jpg,PIPEVINE SWALLOW
Image_945.jpg,RED POSTMAN
Image_946.jpg,BROWN SIPROETA
Image_947.jpg,BLUE SPOTTED CROW
Image_948.jpg,YELLOW SWALLOW TAIL
Image_949.jpg,PAPER KITE
Image_950.jpg,GREAT EGGFLY
Image_951.jpg,ORCHARD SWALLOW
Image_952.jpg,ORANGE OAKLEAF
Image_953.jpg,CLODIUS PARNASSIAN
Image_954.jpg,COPPER TAIL
Image_955.jpg,ADONIS
Image_956.jpg,GREY HAIRSTREAK
Image_957.jpg,APPOLLO
Image_958.jpg,STRAITED QUEEN
Image_959.jpg,IPHICLUS SISTER
Image_960.jpg,SOUTHERN DOGFACE
Image_961.jpg,RED ADMIRAL
Image_962.jpg,ULYSES
Image_963.jpg,COMMON WOOD-NYMPH
Image_964.jpg,GOLD BANDED
Image_965.jpg,POPINJAY
Image_966.jpg,BANDED ORANGE HELICONIAN
Image_967.jpg,PURPLE HAIRSTREAK
Image_968.jpg,CLEOPATRA
Image_969.jpg,EASTERN COMA
Image_970.jpg,TWO BARRED FLASHER
Image_971.jpg,WOOD SATYR
Image_972.jpg,CHESTNUT
Image_973.jpg,BLUE MORPHO
Image_974.jpg,DANAID EGGFLY
Image_975.jpg,CLOUDED SULPHUR
Image_976.jpg,GREAT JAY
Image_977.jpg,BLACK HAIRSTREAK
Image_978.jpg,INDRA SWALLOW
Image_979.jpg,VICEROY
Image_980.jpg,CRIMSON PATCH
Image_981.jpg,MOURNING CLOAK
Image_982.jpg,ZEBRA LONG WING
Image_983.jpg,SILVER SPOT SKIPPER
Image_984.jpg,CAIRNS BIRDWING
Image_985.jpg,CRECENT
Image_986.jpg,MILBERTS TORTOISESHELL
Image_987.jpg,CABBAGE WHITE
Image_988.jpg,METALMARK
Image_989.jpg,AMERICAN SNOOT
Image_990.jpg,BANDED PEACOCK
Image_991.jpg,ORANGE TIP
Image_992.jpg,JULIA
Image_993.jpg,MANGROVE SKIPPER
Image_994.jpg,PAINTED LADY
Image_995.jpg,EASTERN PINE ELFIN
Image_996.jpg,RED SPOTTED PURPLE
Image_997.jpg,QUESTION MARK
Image_998.jpg,LARGE MARBLE
Image_999.jpg,TROPICAL LEAFWING
Image_1000.jpg,COMMON BANDED AWL
Image_1001.jpg,SCARCE SWALLOW
Image_1002.jpg,MONARCH
Image_1003.jpg,PINE WHITE
Image_1004.jpg,MALACHITE
Image_1005.jpg,ELBOWED PIERROT
Image_1006.jpg,GREEN CELLED CATTLEHEART
Image_1007.jpg,AN 88
Image_1008.jpg,AFRICAN GIANT SWALLOWTAIL
Image_1009.jpg,RED CRACKER
Image_1010.jpg,SLEEPY ORANGE
Image_1011.jpg,SOOTYWING
Image_1012.jpg,PURPLISH COPPER
Image_1013.jpg,PEACOCK
Image_1014.jpg,ATALA
Image_1015.jpg,CHECQUERED SKIPPER
Image_1016.jpg,BECKERS WHITE
Image_1017.jpg,MESTRA
Image_1018.jpg,EASTERN DAPPLE WHITE
Image_1019.jpg,PIPEVINE SWALLOW
Image_1020.jpg,RED POSTMAN
Image_1021.jpg,BROWN SIPROETA
Image_1022.jpg,BLUE SPOTTED CROW
Image_1023.jpg,YELLOW SWALLOW TAIL
Image_1024.jpg,PAPER KITE
Image_1025.jpg,GREAT EGGFLY
Image_1026.jpg,ORCHARD SWALLOW
Image_1027.jpg,ORANGE OAKLEAF
Image_1028.jpg,CLODIUS PARNASSIAN
Image_1029.jpg,COPPER TAIL
Image_1030.jpg,ADONIS
Image_1031.jpg,GREY HAIRSTREAK
Image_1032.jpg,APPOLLO
Image_1033.jpg,STRAITED QUEEN
Image_1034.jpg,IPHICLUS SISTER
Image_1035.jpg,SOUTHERN DOGFACE
Image_1036.jpg,RED ADMIRAL
Image_1037.jpg,ULYSES
Image_1038.jpg,COMMON WOOD-NYMPH
Image_1039.jpg,GOLD BANDED
Image_1040.jpg,POPINJAY
Image_1041.jpg,BANDED ORANGE HELICONIAN
Image_1042.jpg,PURPLE HAIRSTREAK
Image_1043.jpg,CLEOPATRA
Image_1044.jpg,EASTERN COMA
Image_1045.jpg,TWO BARRED FLASHER
Image_1046.jpg,WOOD SATYR
Image_1047.jpg,CHESTNUT
Image_1048.jpg,BLUE MORPHO
Image_1049.jpg,DANAID EGGFLY
Image_1050.jpg,CLOUDED SULPHUR
Image_1051.jpg,GREAT JAY
Image_1052.jpg,BLACK HAIRSTREAK
Image_1053.jpg,INDRA SWALLOW
Image_1054.jpg,VICEROY
Image_1055.jpg,CRIMSON PATCH
Image_1056.jpg,MOURNING CLOAK
Image_1057.jpg,ZEBRA LONG WING
Image_1058.jpg,SILVER SPOT SKIPPER
Image_1059.jpg,CAIRNS BIRDWING
Image_1060.jpg,CRECENT
Image_1061.jpg,MILBERTS TORTOISESHELL
Image_1062.jpg,CABBAGE WHITE
Image_1063.jpg,METALMARK
Image_1064.jpg,AMERICAN SNOOT
Image_1065.jpg,BANDED PEACOCK
Image_1066.jpg,ORANGE TIP
Image_1067.jpg,JULIA
Image_1068.jpg,MANGROVE SKIPPER
Image_1069.jpg,PAINTED LADY
Image_1070.jpg,EASTERN PINE ELFIN
Image_1071.jpg,RED SPOTTED PURPLE
Image_1072.jpg,QUESTION MARK
Image_1073.jpg,LARGE MARBLE
Image_1074.jpg,TROPICAL LEAFWING
Image_1075.jpg,COMMON BANDED AWL
Image_1076.jpg,SCARCE SWALLOW
Image_1077.jpg,MONARCH
Image_1078.jpg,PINE WHITE
Image_1079.jpg,MALACHITE
Image_1080.jpg,ELBOWED PIERROT
Image_1081.jpg,GREEN CELLED CATTLEHEART
Image_1082.jpg,AN 88
Image_1083.jpg,AFRICAN GIANT SWALLOWTAIL
Image_1084.jpg,RED CRACKER
Image_1085.jpg,SLEEPY ORANGE
Image_1086.jpg,SOOTYWING
Image_1087.jpg,PURPLISH COPPER
Image_1088.jpg,PEACOCK
Image_1089.jpg,ATALA
Image_1090.jpg,CHECQUERED SKIPPER
Image_1091.jpg,BECKERS WHITE
Image_1092.jpg,MESTRA
Image_1093.jpg,EASTERN DAPPLE WHITE
Image_1094.jpg,PIPEVINE SWALLOW
Image_1095.jpg,RED POSTMAN
Image_1096.jpg,BROWN SIPROETA
Image_1097.jpg,BLUE SPOTTED CROW
Image_1098.jpg,YELLOW SWALLOW TAIL
Image_1099.jpg,PAPER KITE
Image_1100.jpg,GREAT EGGFLY
Image_1101.jpg,ORCHARD SWALLOW
Image_1102.jpg,ORANGE OAKLEAF
Image_1103.jpg,CLODIUS PARNASSIAN
Image_1104.jpg,COPPER TAIL
Image_1105.jpg,ADONIS
Image_1106.jpg,GREY HAIRSTREAK
Image_1107.jpg,APPOLLO
Image_1108.jpg,STRAITED QUEEN
Image_1109.jpg,IPHICLUS SISTER
Image_1110.jpg,SOUTHERN DOGFACE
Image_1111.jpg,RED ADMIRAL
Image_1112.jpg,ULYSES
Image_1113.jpg,COMMON WOOD-NYMPH
Image_1114.jpg,GOLD BANDED
Image_1115.jpg,POPINJAY
Image_1116.jpg,BANDED ORANGE HELICONIAN
Image_1117.jpg,PURPLE HAIRSTREAK
Image_1118.jpg,CLEOPATRA
Image_1119.jpg,EASTERN COMA
Image_1120.jpg,TWO BARRED FLASHER
Image_1121.jpg,WOOD SATYR
Image_1122.jpg,CHESTNUT
Image_1123.jpg,BLUE MORPHO
Image_1124.jpg,DANAID EGGFLY
Image_1125.jpg,CLOUDED SULPHUR
Image_1126.jpg,GREAT JAY
Image_1127.jpg,BLACK HAIRSTREAK
Image_1128.jpg,INDRA SWALLOW
Image_1129.jpg,VICEROY
Image_1130.jpg,CRIMSON PATCH
Image_1131.jpg,MOURNING CLOAK
Image_1132.jpg,ZEBRA LONG WING
Image_1133.jpg,SILVER SPOT SKIPPER
Image_1134.jpg,CAIRNS BIRDWING
Image_1135.jpg,CRECENT
Image_1136.jpg,MILBERTS TORTOISESHELL
Image_1137.jpg,CABBAGE WHITE
Image_1138.jpg,METALMARK
Image_1139.jpg,AMERICAN SNOOT
Image_1140.jpg,BANDED PEACOCK
Image_1141.jpg,ORANGE TIP
Image_1142.jpg,JULIA
Image_1143.jpg,MANGROVE SKIPPER
Image_1144.jpg,PAINTED LADY
Image_1145.jpg,EASTERN PINE ELFIN
Image_1146.jpg,RED SPOTTED PURPLE
Image_1147.jpg,QUESTION MARK
Image_1148.jpg,LARGE MARBLE
Image_1149.jpg,TROPICAL LEAFWING
Image_1150.jpg,COMMON BANDED AWL
Image_1151.jpg,SCARCE SWALLOW
Image_1152.jpg,MONARCH
Image_1153.jpg,PINE WHITE
Image_1154.jpg,MALACHITE
Image_1155.jpg,ELBOWED PIERROT
Image_1156.jpg,GREEN CELLED CATTLEHEART
Image_1157.jpg,AN 88
Image_1158.jpg,AFRICAN GIANT SWALLOWTAIL
Image_1159.jpg,RED CRACKER
Image_1160.jpg,SLEEPY ORANGE
Image_1161.jpg,SOOTYWING
Image_1162.jpg,PURPLISH COPPER
Image_1163.jpg,PEACOCK
Image_1164.jpg,ATALA
Image_1165.jpg,CHECQUERED SKIPPER
Image_1166.jpg,BECKERS WHITE
Image_1167.jpg,MESTRA
Image_1168.jpg,EASTERN DAPPLE WHITE
Image_1169.jpg,PIPEVINE SWALLOW
Image_1170.jpg,RED POSTMAN
Image_1171.jpg,BROWN SIPROETA
Image_1172.jpg,BLUE SPOTTED CROW
Image_1173.jpg,YELLOW SWALLOW TAIL
Image_1174.jpg,PAPER KITE
Image_1175.jpg,GREAT EGGFLY
Image_1176.jpg,ORCHARD SWALLOW
Image_1177.jpg,ORANGE OAKLEAF
Image_1178.jpg,CLODIUS PARNASSIAN
Image_1179.jpg,COPPER TAIL
Image_1180.jpg,ADONIS
Image_1181.jpg,GREY HAIRSTREAK
Image_1182.jpg,APPOLLO
Image_1183.jpg,STRAITED QUEEN
Image_1184.jpg,IPHICLUS SISTER
Image_1185.jpg,SOUTHERN DOGFACE
Image_1186.jpg,RED ADMIRAL
Image_1187.jpg,ULYSES
Image_1188.jpg,COMMON WOOD-NYMPH
Image_1189.jpg,GOLD BANDED
Image_1190.jpg,POPINJAY
Image_1191.jpg,BANDED ORANGE HELICONIAN
Image_1192.jpg,PURPLE HAIRSTREAK
Image_1193.jpg,CLEOPATRA
Image_1194.jpg,EASTERN COMA
Image_1195.jpg,TWO BARRED FLASHER
Image_1196.jpg,WOOD SATYR
Image_1197.jpg,CHESTNUT
Image_1198.jpg,BLUE MORPHO
Image_1199.jpg,DANAID EGGFLY
Image_1200.jpg,CLOUDED SULPHUR
Image_1201.jpg,GREAT JAY
Image_1202.jpg,BLACK HAIRSTREAK
Image_1203.jpg,INDRA SWALLOW
Image_1204.jpg,VICEROY
Image_1205.jpg,CRIMSON PATCH
Image_1206.jpg,MOURNING CLOAK
Image_1207.jpg,ZEBRA LONG WING
Image_1208.jpg,SILVER SPOT SKIPPER
Image_1209.jpg,CAIRNS BIRDWING
Image_1210.jpg,CRECENT
Image_1211.jpg,MILBERTS TORTOISESHELL
Image_1212.jpg,CABBAGE WHITE
Image_1213.jpg,METALMARK
Image_1214.jpg,AMERICAN SNOOT
Image_1215.jpg,BANDED PEACOCK
Image_1216.jpg,ORANGE TIP
Image_1217.jpg,JULIA
Image_1218.jpg,MANGROVE SKIPPER
Image_1219.jpg,PAINTED LADY
Image_1220.jpg,EASTERN PINE ELFIN
Image_1221.jpg,RED SPOTTED PURPLE
Image_1222.jpg,QUESTION MARK
Image_1223.jpg,LARGE MARBLE
Image_1224.jpg,TROPICAL LEAFWING
Image_1225.jpg,COMMON BANDED AWL
Image_1226.jpg,SCARCE SWALLOW
Image_1227.jpg,MONARCH
Image_1228.jpg,PINE WHITE
Image_1229.jpg,MALACHITE
Image_1230.jpg,ELBOWED PIERROT
Image_1231.jpg,GREEN CELLED CATTLEHEART
Image_1232.jpg,AN 88
Image_1233.jpg,AFRICAN GIANT SWALLOWTAIL
Image_1234.jpg,RED CRACKER
Image_1235.jpg,SLEEPY ORANGE
Image_1236.jpg,SOOTYWING
Image_1237.jpg,PURPLISH COPPER
Image_1238.jpg,PEACOCK
Image_1239.jpg,ATALA
Image_1240.jpg,CHECQUERED SKIPPER
Image_1241.jpg,BECKERS WHITE
Image_1242.jpg,MESTRA
Image_1243.jpg,EASTERN DAPPLE WHITE
Image_1244.jpg,PIPEVINE SWALLOW
Image_1245.jpg,RED POSTMAN
Image_1246.jpg,BROWN SIPROETA
Image_1247.jpg,BLUE SPOTTED CROW
Image_1248.jpg,YELLOW SWALLOW TAIL
Image_1249.jpg,PAPER KITE
Image_1250.jpg,GREAT EGGFLY
Image_1251.jpg,ORCHARD SWALLOW
Image_1252.jpg,ORANGE OAKLEAF
Image_1253.jpg,CLODIUS PARNASSIAN
Image_1254.jpg,COPPER TAIL
Image_1255.jpg,ADONIS
Image_1256.jpg,GREY HAIRSTREAK
Image_1257.jpg,APPOLLO
Image_1258.jpg,STRAITED QUEEN
Image_1259.jpg,IPHICLUS SISTER
Image_1260.jpg,SOUTHERN DOGFACE
Image_1261.jpg,RED ADMIRAL
Image_1262.jpg,ULYSES
Image_1263.jpg,COMMON WOOD-NYMPH
Image_1264.jpg,GOLD BANDED
Image_1265.jpg,POPINJAY
Image_1266.jpg,BANDED ORANGE HELICONIAN
Image_1267.jpg,PURPLE HAIRSTREAK
Image_1268.jpg,CLEOPATRA
Image_1269.jpg,EASTERN COMA
Image_1270.jpg,TWO BARRED FLASHER
Image_1271.jpg,WOOD SATYR
Image_1272.jpg,CHESTNUT
Image_1273.jpg,BLUE MORPHO
Image_1274.jpg,DANAID EGGFLY
Image_1275.jpg,CLOUDED SULPHUR
Image_1276.jpg,GREAT JAY
Image_1277.jpg,BLACK HAIRSTREAK
Image_1278.jpg,INDRA SWALLOW
Image_1279.jpg,VICEROY
Image_1280.jpg,CRIMSON PATCH
Image_1281.jpg,MOURNING CLOAK
Image_1282.jpg,ZEBRA LONG WING
Image_1283.jpg,SILVER SPOT SKIPPER
Image_1284.jpg,CAIRNS BIRDWING
Image_1285.jpg,CRECENT
Image_1286.jpg,MILBERTS TORTOISESHELL
Image_1287.jpg,CABBAGE WHITE
Image_1288.jpg,METALMARK
Image_1289.jpg,AMERICAN SNOOT
Image_1290.jpg,BANDED PEACOCK
Image_1291.jpg,ORANGE TIP
Image_1292.jpg,JULIA
Image_1293.jpg,MANGROVE SKIPPER
Image_1294.jpg,PAINTED LADY
Image_1295.jpg,EASTERN PINE ELFIN
Image_1296.jpg,RED SPOTTED PURPLE
Image_1297.jpg,QUESTION MARK
Image_1298.jpg,LARGE MARBLE
Image_1299.jpg,TROPICAL LEAFWING
